timestamp,open,high,low,close,volume,count,vwap
2026-06-01T09:30:00.000,755.36,756.1,754.69,755.7,1778613,37382,755.44
2026-06-01T09:35:00.000,755.69,756.58,755.58,756.25,751665,16278,755.66
2026-06-01T09:40:00.000,756.26,756.6,755.87,756.24,755280,13562,755.81
2026-06-01T09:45:00.000,756.24,756.69,756.21,756.4,776134,12981,755.93
2026-06-01T09:50:00.000,756.38,756.77,755.93,756.09,567206,12149,755.98
2026-06-01T09:55:00.000,756.08,756.18,755.53,755.55,480363,11132,755.97
2026-06-01T10:00:00.000,755.61,756.08,755.32,755.6,826580,16283,755.93
2026-06-01T10:05:00.000,755.59,756.48,755.51,756.35,569288,11325,755.93
2026-06-01T10:10:00.000,756.35,756.41,755.4,755.94,507918,10863,755.93
2026-06-01T10:15:00.000,755.92,756.76,755.6901,755.9,658748,12715,755.94
2026-06-01T10:20:00.000,755.88,756.57,755.83,756.2,522791,12142,755.97
2026-06-01T10:25:00.000,756.21,756.33,755.65,755.855,357071,9660,755.96
2026-06-01T10:30:00.000,755.84,756.18,755.54,755.74,325789,9085,755.96
2026-06-01T10:35:00.000,755.74,755.94,755.32,755.435,288898,8071,755.95
2026-06-01T10:40:00.000,755.41,755.95,755.28,755.81,296684,7736,755.94
2026-06-01T10:45:00.000,755.8,755.98,755.49,755.65,282629,8089,755.93
2026-06-01T10:50:00.000,755.64,755.89,755.39,755.56,361602,7266,755.92
2026-06-01T10:55:00.000,755.55,755.66,755.3,755.655,245404,7250,755.91
2026-06-01T11:00:00.000,755.65,755.85,755.45,755.78,1258341,7080,755.9
2026-06-01T11:05:00.000,755.8,756.27,755.45,756.02,336231,8920,755.91
2026-06-01T11:10:00.000,756.01,756.12,755.68,755.94,214679,6490,755.91
2026-06-01T11:15:00.000,755.92,756.09,755.8,755.875,417025,7684,755.91
2026-06-01T11:20:00.000,755.875,756.405,755.87,756.255,293540,7622,755.92
2026-06-01T11:25:00.000,756.25,756.31,755.96,756.16,190256,6362,755.92
2026-06-01T11:30:00.000,756.14,757.3,756.14,757.04,1140074,17023,756.0
2026-06-01T11:35:00.000,757.05,757.42,757.0,757.4,766224,10564,756.07
2026-06-01T11:40:00.000,757.4,757.42,757.17,757.285,343033,7687,756.1
2026-06-01T11:45:00.000,757.305,757.32,756.89,756.9,287342,7799,756.12
2026-06-01T11:50:00.000,756.89,757.16,756.79,756.99,368511,6666,756.14
2026-06-01T11:55:00.000,757.01,757.03,756.65,756.715,186891,5261,756.14
2026-06-01T12:00:00.000,756.7,757.25,756.7,756.875,301152,7914,756.16
2026-06-01T12:05:00.000,756.875,756.92,756.68,756.8,210013,5888,756.17
2026-06-01T12:10:00.000,756.7999,756.8,756.31,756.5301,336499,9145,756.18
2026-06-01T12:15:00.000,756.51,756.62,755.871,756.345,435207,8166,756.18
2026-06-01T12:20:00.000,756.355,756.76,756.31,756.72,189533,5964,756.18
2026-06-01T12:25:00.000,756.71,756.85,756.56,756.78,210532,6178,756.19
2026-06-01T12:30:00.000,756.78,757.29,756.78,757.12,293234,7769,756.2
2026-06-01T12:35:00.000,757.12,757.25,756.92,757.16,218417,4821,756.21
2026-06-01T12:40:00.000,757.155,757.25,757.03,757.06,184292,3848,756.22
2026-06-01T12:45:00.000,757.06,757.13,756.84,757.12,328184,4399,756.23
2026-06-01T12:50:00.000,757.12,757.88,757.01,757.83,517579,8694,756.27
2026-06-01T12:55:00.000,757.85,758.04,757.75,757.95,476454,7480,756.32
2026-06-01T13:00:00.000,757.94,757.99,757.42,757.43,361383,6467,756.34
2026-06-01T13:05:00.000,757.43,757.58,757.02,757.1,675632,8927,756.38
2026-06-01T13:10:00.000,757.095,757.4,757.095,757.31,201923,3928,756.39
2026-06-01T13:15:00.000,757.31,757.3999,757.13,757.345,181971,4512,756.4
2026-06-01T13:20:00.000,757.345,757.71,757.32,757.61,170645,4179,756.41
2026-06-01T13:25:00.000,757.59,758.55,757.47,758.52,341839,6586,756.44
2026-06-01T13:30:00.000,758.53,758.75,757.76,757.94,585202,10921,756.49
2026-06-01T13:35:00.000,757.94,758.54,757.73,758.44,1001666,17011,756.57
2026-06-01T13:40:00.000,758.435,760.28,758.37,759.48,1274129,22103,756.72
2026-06-01T13:45:00.000,759.47,760.08,759.45,759.62,497380,8423,756.78
2026-06-01T13:50:00.000,759.61,759.93,759.52,759.915,452280,12102,756.84
2026-06-01T13:55:00.000,759.91,759.95,759.45,759.55,298394,11375,756.87
2026-06-01T14:00:00.000,759.55,759.64,759.48,759.58,370044,12678,756.91
2026-06-01T14:05:00.000,759.59,759.71,759.52,759.65,292684,7476,756.95
2026-06-01T14:10:00.000,759.655,759.76,759.32,759.38,219147,4930,756.97
2026-06-01T14:15:00.000,759.38,759.76,759.33,759.75,166973,3872,756.98
2026-06-01T14:20:00.000,759.75,759.86,759.72,759.79,305684,3594,757.0
2026-06-01T14:25:00.000,759.7951,759.91,759.77,759.8205,329296,4369,757.03
2026-06-01T14:30:00.000,759.82,759.86,759.54,759.73,212127,4391,757.05
2026-06-01T14:35:00.000,759.729,759.85,759.59,759.66,219311,4283,757.07
2026-06-01T14:40:00.000,759.67,759.87,759.61,759.85,246359,4347,757.09
2026-06-01T14:45:00.000,759.84,759.86,759.545,759.565,225367,4519,757.11
2026-06-01T14:50:00.000,759.57,759.64,759.44,759.6,342018,4431,757.13
2026-06-01T14:55:00.000,759.59,759.82,759.51,759.52,327485,5013,757.15
2026-06-01T15:00:00.000,759.52,759.67,759.38,759.66,463571,6157,757.18
2026-06-01T15:05:00.000,759.67,759.7,759.37,759.635,293347,5256,757.21
2026-06-01T15:10:00.000,759.635,759.65,759.45,759.47,281053,5162,757.23
2026-06-01T15:15:00.000,759.47,759.59,759.4,759.46,246798,4808,757.25
2026-06-01T15:20:00.000,759.46,759.615,759.42,759.59,275079,5377,757.27
2026-06-01T15:25:00.000,759.6,759.76,759.55,759.68,203235,4337,757.29
2026-06-01T15:30:00.000,759.67,759.6792,759.22,759.24,877795,8824,757.33
2026-06-01T15:35:00.000,759.23,759.33,759.04,759.21,570761,7421,757.36
2026-06-01T15:40:00.000,759.19,759.19,758.88,759.02,558394,7925,757.39
2026-06-01T15:45:00.000,759.0,759.11,758.6,758.66,1030887,14214,757.44
2026-06-01T15:50:00.000,758.67,758.8,758.16,758.24,1153516,17129,757.47
2026-06-01T15:55:00.000,758.25,758.495,758.04,758.43,2105414,30114,757.52
2026-06-01T16:00:00.000,758.43,758.43,758.43,758.43,690,2,757.52
2026-06-02T09:30:00.000,757.03,757.74,756.86,757.45,787735,16254,757.31
2026-06-02T09:35:00.000,757.445,757.55,756.9709,756.99,728810,7982,757.3
2026-06-02T09:40:00.000,756.99,757.33,756.75,757.3106,499623,9449,757.21
2026-06-02T09:45:00.000,757.31,757.68,757.28,757.66,555768,10076,757.29
2026-06-02T09:50:00.000,757.66,757.77,757.45,757.53,391598,8512,757.33
2026-06-02T09:55:00.000,757.53,757.67,757.36,757.62,251769,6142,757.34
2026-06-02T10:00:00.000,757.63,757.78,757.23,757.775,433065,8592,757.37
2026-06-02T10:05:00.000,757.78,757.94,757.615,757.915,399333,7762,757.41
2026-06-02T10:10:00.000,757.92,758.42,757.89,758.18,597257,11217,757.52
2026-06-02T10:15:00.000,758.199,758.35,758.0201,758.32,366245,7961,757.57
2026-06-02T10:20:00.000,758.33,758.47,757.92,758.035,352847,8072,757.61
2026-06-02T10:25:00.000,758.03,758.28,757.54,757.735,466185,9040,757.62
2026-06-02T10:30:00.000,757.74,758.56,757.72,758.55,328965,8150,757.66
2026-06-02T10:35:00.000,758.55,758.81,758.4692,758.515,368448,7327,757.72
2026-06-02T10:40:00.000,758.5,758.935,758.4,758.91,236354,6451,757.75
2026-06-02T10:45:00.000,758.905,759.3,758.81,759.26,399304,8611,757.83
2026-06-02T10:50:00.000,759.27,759.6,759.22,759.55,468470,8864,757.93
2026-06-02T10:55:00.000,759.56,759.73,759.385,759.72,839656,7712,758.0
2026-06-02T11:00:00.000,759.71,759.78,759.4,759.45,345636,8557,758.07
2026-06-02T11:05:00.000,759.46,760.115,759.375,760.1099,324475,7200,758.14
2026-06-02T11:10:00.000,760.1,760.21,759.82,759.96,349406,7284,758.21
2026-06-02T11:15:00.000,759.9803,760.17,759.94,760.13,435283,8961,758.31
2026-06-02T11:20:00.000,760.145,760.4,760.07,760.205,506667,9455,758.41
2026-06-02T11:25:00.000,760.2,760.285,759.85,759.89,312779,5571,758.45
2026-06-02T11:30:00.000,759.87,759.87,759.68,759.8,185460,5334,758.47
2026-06-02T11:35:00.000,759.8,760.04,759.74,759.78,218209,5696,758.5
2026-06-02T11:40:00.000,759.79,759.83,759.6,759.7,267755,5737,758.53
2026-06-02T11:45:00.000,759.695,759.93,759.6,759.73,167451,5906,758.55
2026-06-02T11:50:00.000,759.73,759.82,759.59,759.69,175169,4863,758.57
2026-06-02T11:55:00.000,759.69,759.86,759.6022,759.69,269638,5162,758.59
2026-06-02T12:00:00.000,759.7,759.75,759.41,759.55,222827,6247,758.61
2026-06-02T12:05:00.000,759.56,759.9,759.51,759.73,180602,5604,758.62
2026-06-02T12:10:00.000,759.73,760.01,759.66,759.9,145755,4794,758.64
2026-06-02T12:15:00.000,759.89,759.89,759.5,759.54,260020,4956,758.66
2026-06-02T12:20:00.000,759.54,759.62,759.23,759.535,190450,5283,758.67
2026-06-02T12:25:00.000,759.55,759.565,759.27,759.35,128698,3178,758.68
2026-06-02T12:30:00.000,759.359,759.55,759.24,759.275,308828,3616,758.69
2026-06-02T12:35:00.000,759.2789,759.345,759.1,759.25,207739,4201,758.69
2026-06-02T12:40:00.000,759.245,759.45,759.235,759.33,138324,4544,758.7
2026-06-02T12:45:00.000,759.32,759.69,759.27,759.665,126231,3293,758.71
2026-06-02T12:50:00.000,759.67,759.84,759.62,759.68,179756,3968,758.72
2026-06-02T12:55:00.000,759.66,759.935,759.6273,759.865,131452,3237,758.73
2026-06-02T13:00:00.000,759.865,759.94,759.7,759.905,226417,4073,758.75
2026-06-02T13:05:00.000,759.9,759.97,759.645,759.775,196924,4105,758.77
2026-06-02T13:10:00.000,759.78,759.91,759.62,759.895,125491,2819,758.78
2026-06-02T13:15:00.000,759.9,759.91,759.28,759.36,206037,4165,758.79
2026-06-02T13:20:00.000,759.36,759.49,759.1,759.16,245661,3679,758.8
2026-06-02T13:25:00.000,759.165,759.17,758.925,759.025,236943,4321,758.8
2026-06-02T13:30:00.000,759.0112,759.319,758.97,759.05,134724,4056,758.8
2026-06-02T13:35:00.000,759.04,759.09,758.78,758.8235,208376,4500,758.81
2026-06-02T13:40:00.000,758.82,759.19,758.79,759.09,213015,4361,758.81
2026-06-02T13:45:00.000,759.09,759.26,759.03,759.23,110956,2818,758.81
2026-06-02T13:50:00.000,759.235,759.31,759.1,759.12,130078,7366,758.81
2026-06-02T13:55:00.000,759.11,759.11,758.84,758.875,176822,3391,758.82
2026-06-02T14:00:00.000,758.88,759.04,758.81,758.89,330028,5090,758.82
2026-06-02T14:05:00.000,758.885,759.18,758.885,759.14,139145,3890,758.82
2026-06-02T14:10:00.000,759.148,759.35,759.02,759.07,204285,4021,758.82
2026-06-02T14:15:00.000,759.06,759.07,758.87,758.94,640198,4360,758.83
2026-06-02T14:20:00.000,758.95,759.09,758.855,758.99,187338,3939,758.83
2026-06-02T14:25:00.000,758.98,759.08,758.87,758.9564,121982,3414,758.83
2026-06-02T14:30:00.000,758.9553,759.23,758.94,759.01,149862,3785,758.83
2026-06-02T14:35:00.000,759.01,759.01,758.68,758.71,375134,4287,758.83
2026-06-02T14:40:00.000,758.7,758.885,758.625,758.83,201446,4166,758.83
2026-06-02T14:45:00.000,758.83,759.0,758.77,758.99,222718,4593,758.83
2026-06-02T14:50:00.000,758.985,759.06,758.83,758.94,184593,4382,758.83
2026-06-02T14:55:00.000,758.93,759.17,758.9,759.04,290960,5732,758.84
2026-06-02T15:00:00.000,759.06,759.39,759.055,759.37,375741,6531,758.84
2026-06-02T15:05:00.000,759.34,759.41,759.24,759.37,257347,5082,758.85
2026-06-02T15:10:00.000,759.37,759.45,759.2,759.23,435058,6478,758.86
2026-06-02T15:15:00.000,759.24,759.375,759.2,759.32,437820,5448,758.87
2026-06-02T15:20:00.000,759.315,759.555,759.28,759.5497,541664,5789,758.89
2026-06-02T15:25:00.000,759.55,759.575,759.26,759.33,594098,6579,758.91
2026-06-02T15:30:00.000,759.33,759.49,759.3,759.44,601028,7054,758.92
2026-06-02T15:35:00.000,759.43,759.49,759.29,759.3,478525,6539,758.93
2026-06-02T15:40:00.000,759.3,759.39,759.17,759.17,365084,6519,758.94
2026-06-02T15:45:00.000,759.18,759.45,759.12,759.435,624202,8597,758.95
2026-06-02T15:50:00.000,759.43,759.69,759.25,759.515,793970,13557,758.97
2026-06-02T15:55:00.000,759.51,759.65,759.36,759.45,1770480,22581,759.01
2026-06-02T16:00:00.000,0.0,0.0,0.0,0.0,0,0,759.01
2026-06-03T09:30:00.000,758.15,758.8,757.992,758.27,884306,16906,758.41
2026-06-03T09:35:00.000,758.24,758.255,757.57,757.8793,652850,10719,758.16
2026-06-03T09:40:00.000,757.87,757.87,756.475,756.5299,760852,15765,757.88
2026-06-03T09:45:00.000,756.53,756.72,754.82,755.11,1577060,24817,756.99
2026-06-03T09:50:00.000,755.11,756.26,754.74,755.81,933687,17720,756.73
2026-06-03T09:55:00.000,755.795,756.2899,755.75,755.92,552481,10712,756.65
2026-06-03T10:00:00.000,755.95,756.7,755.8087,756.36,503574,10352,756.64
2026-06-03T10:05:00.000,756.36,756.555,756.12,756.44,373474,8160,756.62
2026-06-03T10:10:00.000,756.445,756.94,756.44,756.905,654112,8314,756.63
2026-06-03T10:15:00.000,756.91,756.98,756.06,756.22,564895,11115,756.63
2026-06-03T10:20:00.000,756.24,756.61,756.0,756.32,414395,8394,756.62
2026-06-03T10:25:00.000,756.34,756.83,756.29,756.81,300207,7270,756.62
2026-06-03T10:30:00.000,756.8,756.99,756.51,756.5925,327654,8125,756.62
2026-06-03T10:35:00.000,756.59,757.01,756.37,756.89,312824,7390,756.63
2026-06-03T10:40:00.000,756.9,756.91,756.44,756.46,300538,6289,756.63
2026-06-03T10:45:00.000,756.44,756.51,755.92,756.03,315419,7466,756.61
2026-06-03T10:50:00.000,756.02,756.43,755.71,756.2401,418652,7969,756.59
2026-06-03T10:55:00.000,756.26,756.32,755.96,756.17,159040,5599,756.58
2026-06-03T11:00:00.000,756.16,756.52,756.15,756.3,187297,6228,756.58
2026-06-03T11:05:00.000,756.29,756.32,755.855,756.16,178075,5558,756.57
2026-06-03T11:10:00.000,756.155,756.47,755.97,756.04,383666,6395,756.56
2026-06-03T11:15:00.000,756.0391,756.2492,755.87,756.09,177438,5357,756.55
2026-06-03T11:20:00.000,756.09,756.22,755.34,755.54,419100,8511,756.52
2026-06-03T11:25:00.000,755.54,756.16,755.33,756.12,338495,7497,756.5
2026-06-03T11:30:00.000,756.125,756.29,755.465,755.62,484835,6374,756.49
2026-06-03T11:35:00.000,755.62,755.77,755.2,755.35,246936,7260,756.47
2026-06-03T11:40:00.000,755.35,755.43,755.11,755.2,302088,7560,756.44
2026-06-03T11:45:00.000,755.2,755.3067,754.79,755.2,346616,8563,756.4
2026-06-03T11:50:00.000,755.205,755.57,755.02,755.28,362389,8236,756.37
2026-06-03T11:55:00.000,755.28,755.42,755.08,755.2,222891,6121,756.35
2026-06-03T12:00:00.000,755.2,755.43,754.98,755.345,268999,8497,756.33
2026-06-03T12:05:00.000,755.34,755.46,754.98,755.07,357021,7011,756.31
2026-06-03T12:10:00.000,755.06,755.4,755.04,755.26,240208,6031,756.29
2026-06-03T12:15:00.000,755.25,755.26,754.59,754.93,340447,8238,756.26
2026-06-03T12:20:00.000,754.9,754.95,754.08,754.13,282756,7201,756.23
2026-06-03T12:25:00.000,754.12,754.44,753.88,754.31,361315,7421,756.18
2026-06-03T12:30:00.000,754.31,754.62,754.24,754.41,351013,6605,756.14
2026-06-03T12:35:00.000,754.4,754.4,753.89,753.9,311310,5916,756.1
2026-06-03T12:40:00.000,753.895,754.08,753.57,754.07,335111,6317,756.05
2026-06-03T12:45:00.000,754.07,754.65,754.05,754.585,808648,9334,755.96
2026-06-03T12:50:00.000,754.58,754.8,754.39,754.57,483636,5913,755.93
2026-06-03T12:55:00.000,754.58,755.16,754.44,755.12,397556,5750,755.92
2026-06-03T13:00:00.000,755.12,755.1322,754.62,754.71,195713,4531,755.91
2026-06-03T13:05:00.000,754.7,755.18,754.53,754.91,413958,5929,755.89
2026-06-03T13:10:00.000,754.92,754.96,754.08,754.28,219130,4642,755.87
2026-06-03T13:15:00.000,754.28,754.38,753.99,754.17,606212,5081,755.84
2026-06-03T13:20:00.000,754.17,754.54,754.12,754.5375,205819,4147,755.82
2026-06-03T13:25:00.000,754.54,754.67,754.36,754.6325,198803,3677,755.81
2026-06-03T13:30:00.000,754.63,754.9312,754.2,754.91,355209,5117,755.78
2026-06-03T13:35:00.000,754.92,755.18,754.79,755.0,267043,4922,755.78
2026-06-03T13:40:00.000,755.01,755.39,754.94,755.21,258826,5551,755.77
2026-06-03T13:45:00.000,755.22,755.35,755.08,755.23,230626,4307,755.76
2026-06-03T13:50:00.000,755.24,755.635,755.215,755.6175,318980,4647,755.76
2026-06-03T13:55:00.000,755.62,755.76,755.51,755.565,486317,9402,755.75
2026-06-03T14:00:00.000,755.57,755.61,755.39,755.53,438200,6850,755.75
2026-06-03T14:05:00.000,755.53,755.54,755.2301,755.34,259203,5710,755.74
2026-06-03T14:10:00.000,755.33,755.48,755.135,755.3,280964,4856,755.74
2026-06-03T14:15:00.000,755.305,755.475,754.99,755.475,517328,5630,755.73
2026-06-03T14:20:00.000,755.4825,755.72,755.04,755.695,316051,6208,755.73
2026-06-03T14:25:00.000,755.7,756.04,755.661,755.98,363429,6542,755.73
2026-06-03T14:30:00.000,755.98,756.05,755.7,755.73,427869,6551,755.73
2026-06-03T14:35:00.000,755.74,755.87,755.54,755.715,383564,6167,755.73
2026-06-03T14:40:00.000,755.72,755.76,755.57,755.7,213774,4788,755.73
2026-06-03T14:45:00.000,755.74,755.89,755.595,755.595,500260,4168,755.73
2026-06-03T14:50:00.000,755.59,755.73,755.49,755.61,1370973,4899,755.73
2026-06-03T14:55:00.000,755.605,755.759,755.53,755.583,740646,5165,755.73
2026-06-03T15:00:00.000,755.585,755.59,754.85,755.05,339386,6909,755.72
2026-06-03T15:05:00.000,755.05,755.39,755.05,755.13,236308,4529,755.71
2026-06-03T15:10:00.000,755.125,755.18,754.71,755.04,430784,6307,755.7
2026-06-03T15:15:00.000,755.025,755.44,754.91,755.13,336130,7338,755.69
2026-06-03T15:20:00.000,755.13,755.2087,754.68,754.69,562273,6740,755.68
2026-06-03T15:25:00.000,754.72,754.86,754.61,754.83,635805,7882,755.66
2026-06-03T15:30:00.000,754.83,754.94,754.62,754.7934,512607,8499,755.64
2026-06-03T15:35:00.000,754.795,755.41,754.73,755.31,717042,11428,755.63
2026-06-03T15:40:00.000,755.3,755.48,755.2,755.28,572335,8912,755.62
2026-06-03T15:45:00.000,755.29,755.44,755.1,755.34,750051,10906,755.61
2026-06-03T15:50:00.000,755.34,755.39,754.55,754.61,1405339,20079,755.57
2026-06-03T15:55:00.000,754.595,754.92,753.9,754.19,7741307,45607,755.39
2026-06-03T16:00:00.000,754.21,754.21,754.2,754.2,891,4,755.39
2026-06-04T09:30:00.000,752.1,752.99,751.47,752.915,1352372,23246,752.08
2026-06-04T09:35:00.000,752.87,753.39,752.43,752.91,695842,11164,752.36
2026-06-04T09:40:00.000,752.92,752.98,751.96,752.025,701329,11220,752.37
2026-06-04T09:45:00.000,752.04,752.8398,751.61,752.56,636345,10802,752.34
2026-06-04T09:50:00.000,752.57,753.39,752.23,752.81,488066,8829,752.4
2026-06-04T09:55:00.000,752.8,753.7,752.59,753.2,560414,9508,752.5
2026-06-04T10:00:00.000,753.18,753.48,752.595,752.595,392707,7621,752.55
2026-06-04T10:05:00.000,752.59,752.85,752.23,752.7,382439,7607,752.54
2026-06-04T10:10:00.000,752.7,753.67,752.66,753.38,850741,10342,752.65
2026-06-04T10:15:00.000,753.38,753.7,753.18,753.19,296494,8140,752.69
2026-06-04T10:20:00.000,753.19,754.195,753.08,754.18,494216,10197,752.76
2026-06-04T10:25:00.000,754.19,754.29,753.92,754.02,445981,8387,752.84
2026-06-04T10:30:00.000,754.02,754.155,753.61,754.0,451194,8987,752.89
2026-06-04T10:35:00.000,753.99,754.02,753.5,753.68,413537,7826,752.92
2026-06-04T10:40:00.000,753.68,754.2,753.675,753.84,261732,6573,752.95
2026-06-04T10:45:00.000,753.84,754.24,753.38,753.72,329663,7990,752.99
2026-06-04T10:50:00.000,753.73,753.95,753.54,753.86,367376,7551,753.01
2026-06-04T10:55:00.000,753.86,754.215,753.79,754.21,236838,6592,753.04
2026-06-04T11:00:00.000,754.215,754.73,754.2,754.515,2432926,8861,753.1
2026-06-04T11:05:00.000,754.51,755.495,754.4707,755.37,653084,10142,753.23
2026-06-04T11:10:00.000,755.37,755.62,755.1675,755.565,535452,9519,753.34
2026-06-04T11:15:00.000,755.57,755.97,755.51,755.65,517927,9850,753.45
2026-06-04T11:20:00.000,755.65,755.78,755.34,755.72,419042,7901,753.53
2026-06-04T11:25:00.000,755.72,755.87,755.54,755.865,318283,6856,753.59
2026-06-04T11:30:00.000,755.86,755.95,755.5,755.64,271750,6471,753.63
2026-06-04T11:35:00.000,755.63,755.75,755.44,755.64,220178,6086,753.67
2026-06-04T11:40:00.000,755.64,755.73,755.17,755.28,318771,6964,753.71
2026-06-04T11:45:00.000,755.28,755.43,754.82,754.92,285088,7081,753.74
2026-06-04T11:50:00.000,754.93,755.42,754.8,755.26,505800,7955,753.78
2026-06-04T11:55:00.000,755.24,755.48,755.1,755.34,275387,6588,753.81
2026-06-04T12:00:00.000,755.35,755.551,755.2,755.4601,250806,6226,753.84
2026-06-04T12:05:00.000,755.45,756.36,755.42,756.21,447410,10271,753.9
2026-06-04T12:10:00.000,756.23,756.3999,756.13,756.21,335254,6603,753.96
2026-06-04T12:15:00.000,756.22,756.6,756.21,756.385,348964,7194,754.02
2026-06-04T12:20:00.000,756.38,756.67,756.3,756.61,527265,7100,754.08
2026-06-04T12:25:00.000,756.61,756.62,756.36,756.5,358666,6342,754.14
2026-06-04T12:30:00.000,756.52,756.53,756.05,756.33,548382,6721,754.18
2026-06-04T12:35:00.000,756.33,756.81,756.2601,756.7,251692,5326,754.22
2026-06-04T12:40:00.000,756.7,756.87,756.58,756.78,203371,3827,754.25
2026-06-04T12:45:00.000,756.78,756.825,756.56,756.73,306440,3577,754.27
2026-06-04T12:50:00.000,756.71,756.93,756.71,756.85,276067,4416,754.32
2026-06-04T12:55:00.000,756.85,756.925,756.77,756.795,221676,4276,754.35
2026-06-04T13:00:00.000,756.79,756.91,756.59,756.71,231047,4603,754.38
2026-06-04T13:05:00.000,756.71,756.94,756.6,756.91,135121,3345,754.4
2026-06-04T13:10:00.000,756.9,756.99,756.7,756.84,230421,4184,754.43
2026-06-04T13:15:00.000,756.85,756.91,756.69,756.86,419163,3274,754.45
2026-06-04T13:20:00.000,756.87,756.88,756.62,756.8201,304655,3688,754.47
2026-06-04T13:25:00.000,756.83,757.18,756.8,757.11,209816,4111,754.5
2026-06-04T13:30:00.000,757.11,757.43,757.04,757.21,594769,5631,754.55
2026-06-04T13:35:00.000,757.2003,757.26,757.02,757.1,219094,3717,754.58
2026-06-04T13:40:00.000,757.11,757.32,757.105,757.2606,170165,3232,754.61
2026-06-04T13:45:00.000,757.2601,757.42,757.13,757.42,250381,6593,754.63
2026-06-04T13:50:00.000,757.43,757.49,757.3,757.37,196122,3785,754.66
2026-06-04T13:55:00.000,757.38,757.74,757.34,757.685,377548,4142,754.7
2026-06-04T14:00:00.000,757.68,757.84,757.58,757.77,591643,8975,754.79
2026-06-04T14:05:00.000,757.76,757.87,757.66,757.74,253805,5429,754.82
2026-06-04T14:10:00.000,757.74,757.86,757.66,757.68,414293,4913,754.86
2026-06-04T14:15:00.000,757.68,757.88,757.531,757.85,327654,4914,754.9
2026-06-04T14:20:00.000,757.84,757.93,757.73,757.8,566159,5567,754.97
2026-06-04T14:25:00.000,757.81,757.93,757.74,757.81,310083,5250,755.01
2026-06-04T14:30:00.000,757.8,757.9,757.62,757.8,401309,5456,755.05
2026-06-04T14:35:00.000,757.8,757.95,757.7,757.8,442105,6387,755.1
2026-06-04T14:40:00.000,757.81,757.85,757.69,757.79,227216,4668,755.13
2026-06-04T14:45:00.000,757.79,758.0,757.69,757.8801,232680,4533,755.16
2026-06-04T14:50:00.000,757.89,757.94,757.82,757.84,176912,3810,755.18
2026-06-04T14:55:00.000,757.85,757.86,757.5,757.62,333957,6774,755.21
2026-06-04T15:00:00.000,757.64,757.92,757.61,757.89,517878,5741,755.24
2026-06-04T15:05:00.000,757.89,758.09,757.87,757.9201,424485,7070,755.29
2026-06-04T15:10:00.000,757.92,757.96,757.68,757.78,720932,7780,755.33
2026-06-04T15:15:00.000,757.785,757.81,757.59,757.695,381750,7264,755.37
2026-06-04T15:20:00.000,757.695,758.02,757.65,757.97,676767,9453,755.43
2026-06-04T15:25:00.000,757.98,758.3,757.93,758.29,735922,8383,755.49
2026-06-04T15:30:00.000,758.29,758.31,758.08,758.135,1020949,10233,755.59
2026-06-04T15:35:00.000,758.13,758.27,758.04,758.15,1754229,10176,755.66
2026-06-04T15:40:00.000,758.16,758.17,757.75,757.8,888424,8767,755.71
2026-06-04T15:45:00.000,757.8,757.9,757.6,757.84,959968,12665,755.76
2026-06-04T15:50:00.000,757.82,757.98,757.4,757.55,1334746,16315,755.82
2026-06-04T15:55:00.000,757.54,757.54,756.8,757.06,4548232,37286,755.96
2026-06-04T16:00:00.000,757.05,757.05,757.05,757.05,101,1,755.96
2026-06-05T09:30:00.000,752.31,752.82,751.61,752.5917,1065341,20192,752.31
2026-06-05T09:35:00.000,752.58,752.6,751.2,751.6,709764,12342,752.11
2026-06-05T09:40:00.000,751.595,751.6593,750.27,750.31,862879,12851,751.77
2026-06-05T09:45:00.000,750.31,750.64,749.36,749.45,1326096,19471,751.13
2026-06-05T09:50:00.000,749.46,750.16,749.42,750.01,1324567,19204,750.81
2026-06-05T09:55:00.000,750.03,750.08,748.67,748.73,746553,13142,750.63
2026-06-05T10:00:00.000,748.76,749.64,748.225,749.02,1326659,18540,750.32
2026-06-05T10:05:00.000,749.005,749.85,748.51,749.81,699580,12776,750.22
2026-06-05T10:10:00.000,749.845,750.3,749.32,750.11,799626,13756,750.19
2026-06-05T10:15:00.000,750.11,750.96,750.1,750.9001,865846,11823,750.21
2026-06-05T10:20:00.000,750.93,750.94,749.71,749.745,594695,11071,750.22
2026-06-05T10:25:00.000,749.74,749.77,748.87,749.22,482699,8917,750.18
2026-06-05T10:30:00.000,749.21,750.48,749.11,750.4275,556386,11975,750.16
2026-06-05T10:35:00.000,750.44,750.7399,750.08,750.17,495054,11707,750.17
2026-06-05T10:40:00.000,750.18,750.32,749.24,749.56,410361,9334,750.16
2026-06-05T10:45:00.000,749.53,749.82,749.12,749.39,354974,8300,750.14
2026-06-05T10:50:00.000,749.38,749.8,749.23,749.634,288414,7811,750.13
2026-06-05T10:55:00.000,749.61,750.1,749.46,749.88,343572,8357,750.12
2026-06-05T11:00:00.000,749.89,750.18,749.17,749.5,368610,9143,750.1
2026-06-05T11:05:00.000,749.51,749.65,748.82,748.93,309963,8160,750.08
2026-06-05T11:10:00.000,748.9102,749.2,748.29,748.3,310395,8460,750.05
2026-06-05T11:15:00.000,748.31,748.73,748.19,748.64,366672,8457,750.01
2026-06-05T11:20:00.000,748.64,748.76,747.54,747.88,765844,12677,749.93
2026-06-05T11:25:00.000,747.89,748.33,747.84,748.148,672874,11490,749.84
2026-06-05T11:30:00.000,748.11,748.42,747.66,747.67,449825,9326,749.79
2026-06-05T11:35:00.000,747.66,747.91,746.73,746.79,652915,12554,749.68
2026-06-05T11:40:00.000,746.8,747.0601,746.39,746.58,665982,13008,749.57
2026-06-05T11:45:00.000,746.56,746.9599,746.19,746.36,481677,10645,749.49
2026-06-05T11:50:00.000,746.38,746.87,746.28,746.74,461489,11171,749.42
2026-06-05T11:55:00.000,746.725,746.91,746.42,746.58,477214,10961,749.35
2026-06-05T12:00:00.000,746.5681,746.59,745.98,746.11,694726,13952,749.24
2026-06-05T12:05:00.000,746.1,746.1,745.07,745.23,754795,15880,749.1
2026-06-05T12:10:00.000,745.22,749.68,745.02,745.475,661930,13831,748.99
2026-06-05T12:15:00.000,745.44,745.47,744.62,744.81,642737,13619,748.87
2026-06-05T12:20:00.000,744.8,745.44,744.68,745.1202,755282,14706,748.74
2026-06-05T12:25:00.000,745.13,745.55,744.72,744.7401,545154,9881,748.66
2026-06-05T12:30:00.000,744.74,744.81,743.87,744.24,899978,11469,748.51
2026-06-05T12:35:00.000,744.24,744.55,743.74,744.23,1078026,13467,748.36
2026-06-05T12:40:00.000,744.22,744.385,742.92,743.24,731327,12790,748.22
2026-06-05T12:45:00.000,743.22,743.57,742.46,743.56,993646,18034,748.02
2026-06-05T12:50:00.000,743.55,744.62,743.255,744.56,1052904,15308,747.87
2026-06-05T12:55:00.000,744.53,744.67,743.97,744.54,724618,14329,747.78
2026-06-05T13:00:00.000,744.54,744.56,743.31,743.9,911385,12397,747.69
2026-06-05T13:05:00.000,743.86,743.88,743.31,743.5,367330,9047,747.64
2026-06-05T13:10:00.000,743.48,743.65,742.96,743.41,1045796,13266,747.55
2026-06-05T13:15:00.000,743.42,743.525,742.82,743.28,854725,13656,747.46
2026-06-05T13:20:00.000,743.27,744.14,742.81,744.07,1108146,16344,747.35
2026-06-05T13:25:00.000,744.05,744.0999,743.39,744.03,668752,13562,747.28
2026-06-05T13:30:00.000,744.02,744.245,743.56,744.24,646510,11199,747.23
2026-06-05T13:35:00.000,744.24,744.96,744.22,744.93,861614,10838,747.19
2026-06-05T13:40:00.000,744.94,745.295,743.65,743.815,894327,14997,747.13
2026-06-05T13:45:00.000,743.82,744.34,743.64,743.96,551663,19969,747.08
2026-06-05T13:50:00.000,743.97,744.17,743.755,744.12,799529,10403,747.05
2026-06-05T13:55:00.000,744.12,744.7,744.0,744.67,491697,10553,747.01
2026-06-05T14:00:00.000,744.68,744.79,743.4,743.4,1067910,15201,746.95
2026-06-05T14:05:00.000,743.41,743.65,743.11,743.2399,748250,10877,746.9
2026-06-05T14:10:00.000,743.23,743.42,742.12,742.18,830349,13262,746.82
2026-06-05T14:15:00.000,742.14,742.16,741.295,741.42,1285868,19415,746.66
2026-06-05T14:20:00.000,741.43,741.97,741.35,741.5,1066663,14530,746.55
2026-06-05T14:25:00.000,741.49,741.54,740.5,740.9,1051860,18987,746.4
2026-06-05T14:30:00.000,740.9,741.14,740.41,740.64,1069049,12844,746.31
2026-06-05T14:35:00.000,740.65,740.8,740.1,740.575,749021,13475,746.2
2026-06-05T14:40:00.000,740.58,740.64,739.72,740.03,1112771,15678,746.08
2026-06-05T14:45:00.000,740.02,740.03,738.59,739.63,1714726,19197,745.88
2026-06-05T14:50:00.000,739.64,739.87,738.48,738.95,2062607,13776,745.72
2026-06-05T14:55:00.000,738.96,740.25,738.75,739.23,2105649,22466,745.51
2026-06-05T15:00:00.000,739.23,739.4,738.3,739.11,1065456,16491,745.36
2026-06-05T15:05:00.000,739.1,739.16,737.54,738.0136,817895,13838,745.23
2026-06-05T15:10:00.000,738.025,738.09,736.91,737.23,955466,16570,745.08
2026-06-05T15:15:00.000,737.23,737.23,735.525,736.35,1222217,18794,744.86
2026-06-05T15:20:00.000,736.315,736.9,735.87,736.9,1699245,19013,744.65
2026-06-05T15:25:00.000,736.9,738.47,736.88,738.45,1463720,19809,744.47
2026-06-05T15:30:00.000,738.45,738.51,737.22,737.92,1760050,17648,744.31
2026-06-05T15:35:00.000,737.92,738.8,737.75,738.68,1411895,22364,744.15
2026-06-05T15:40:00.000,738.68,738.74,736.96,737.81,1567984,22423,743.97
2026-06-05T15:45:00.000,737.78,738.95,737.6,738.72,1775592,24128,743.82
2026-06-05T15:50:00.000,738.73,739.8,738.42,739.115,2946212,41436,743.61
2026-06-05T15:55:00.000,739.1,739.1,737.0,737.42,5476255,59604,743.21
2026-06-05T16:00:00.000,0.0,0.0,0.0,0.0,0,0,743.21
2026-06-06T09:30:00.000,0.0,0.0,0.0,0.0,0,0,0.0
2026-06-06T09:35:00.000,0.0,0.0,0.0,0.0,0,0,0.0
2026-06-06T09:40:00.000,0.0,0.0,0.0,0.0,0,0,0.0
2026-06-06T09:45:00.000,0.0,0.0,0.0,0.0,0,0,0.0
2026-06-06T09:50:00.000,0.0,0.0,0.0,0.0,0,0,0.0
2026-06-06T09:55:00.000,0.0,0.0,0.0,0.0,0,0,0.0
2026-06-06T10:00:00.000,0.0,0.0,0.0,0.0,0,0,0.0
2026-06-06T10:05:00.000,0.0,0.0,0.0,0.0,0,0,0.0
2026-06-06T10:10:00.000,0.0,0.0,0.0,0.0,0,0,0.0
2026-06-06T10:15:00.000,0.0,0.0,0.0,0.0,0,0,0.0
2026-06-06T10:20:00.000,0.0,0.0,0.0,0.0,0,0,0.0
2026-06-06T10:25:00.000,0.0,0.0,0.0,0.0,0,0,0.0
2026-06-06T10:30:00.000,0.0,0.0,0.0,0.0,0,0,0.0
2026-06-06T10:35:00.000,0.0,0.0,0.0,0.0,0,0,0.0
2026-06-06T10:40:00.000,0.0,0.0,0.0,0.0,0,0,0.0
2026-06-06T10:45:00.000,0.0,0.0,0.0,0.0,0,0,0.0
2026-06-06T10:50:00.000,0.0,0.0,0.0,0.0,0,0,0.0
2026-06-06T10:55:00.000,0.0,0.0,0.0,0.0,0,0,0.0
2026-06-06T11:00:00.000,0.0,0.0,0.0,0.0,0,0,0.0
2026-06-06T11:05:00.000,0.0,0.0,0.0,0.0,0,0,0.0
2026-06-06T11:10:00.000,0.0,0.0,0.0,0.0,0,0,0.0
2026-06-06T11:15:00.000,0.0,0.0,0.0,0.0,0,0,0.0
2026-06-06T11:20:00.000,0.0,0.0,0.0,0.0,0,0,0.0
2026-06-06T11:25:00.000,0.0,0.0,0.0,0.0,0,0,0.0
2026-06-06T11:30:00.000,0.0,0.0,0.0,0.0,0,0,0.0
2026-06-06T11:35:00.000,0.0,0.0,0.0,0.0,0,0,0.0
2026-06-06T11:40:00.000,0.0,0.0,0.0,0.0,0,0,0.0
2026-06-06T11:45:00.000,0.0,0.0,0.0,0.0,0,0,0.0
2026-06-06T11:50:00.000,0.0,0.0,0.0,0.0,0,0,0.0
2026-06-06T11:55:00.000,0.0,0.0,0.0,0.0,0,0,0.0
2026-06-06T12:00:00.000,0.0,0.0,0.0,0.0,0,0,0.0
2026-06-06T12:05:00.000,0.0,0.0,0.0,0.0,0,0,0.0
2026-06-06T12:10:00.000,0.0,0.0,0.0,0.0,0,0,0.0
2026-06-06T12:15:00.000,0.0,0.0,0.0,0.0,0,0,0.0
2026-06-06T12:20:00.000,0.0,0.0,0.0,0.0,0,0,0.0
2026-06-06T12:25:00.000,0.0,0.0,0.0,0.0,0,0,0.0
2026-06-06T12:30:00.000,0.0,0.0,0.0,0.0,0,0,0.0
2026-06-06T12:35:00.000,0.0,0.0,0.0,0.0,0,0,0.0
2026-06-06T12:40:00.000,0.0,0.0,0.0,0.0,0,0,0.0
2026-06-06T12:45:00.000,0.0,0.0,0.0,0.0,0,0,0.0
2026-06-06T12:50:00.000,0.0,0.0,0.0,0.0,0,0,0.0
2026-06-06T12:55:00.000,0.0,0.0,0.0,0.0,0,0,0.0
2026-06-06T13:00:00.000,0.0,0.0,0.0,0.0,0,0,0.0
2026-06-06T13:05:00.000,0.0,0.0,0.0,0.0,0,0,0.0
2026-06-06T13:10:00.000,0.0,0.0,0.0,0.0,0,0,0.0
2026-06-06T13:15:00.000,0.0,0.0,0.0,0.0,0,0,0.0
2026-06-06T13:20:00.000,0.0,0.0,0.0,0.0,0,0,0.0
2026-06-06T13:25:00.000,0.0,0.0,0.0,0.0,0,0,0.0
2026-06-06T13:30:00.000,0.0,0.0,0.0,0.0,0,0,0.0
2026-06-06T13:35:00.000,0.0,0.0,0.0,0.0,0,0,0.0
2026-06-06T13:40:00.000,0.0,0.0,0.0,0.0,0,0,0.0
2026-06-06T13:45:00.000,0.0,0.0,0.0,0.0,0,0,0.0
2026-06-06T13:50:00.000,0.0,0.0,0.0,0.0,0,0,0.0
2026-06-06T13:55:00.000,0.0,0.0,0.0,0.0,0,0,0.0
2026-06-06T14:00:00.000,0.0,0.0,0.0,0.0,0,0,0.0
2026-06-06T14:05:00.000,0.0,0.0,0.0,0.0,0,0,0.0
2026-06-06T14:10:00.000,0.0,0.0,0.0,0.0,0,0,0.0
2026-06-06T14:15:00.000,0.0,0.0,0.0,0.0,0,0,0.0
2026-06-06T14:20:00.000,0.0,0.0,0.0,0.0,0,0,0.0
2026-06-06T14:25:00.000,0.0,0.0,0.0,0.0,0,0,0.0
2026-06-06T14:30:00.000,0.0,0.0,0.0,0.0,0,0,0.0
2026-06-06T14:35:00.000,0.0,0.0,0.0,0.0,0,0,0.0
2026-06-06T14:40:00.000,0.0,0.0,0.0,0.0,0,0,0.0
2026-06-06T14:45:00.000,0.0,0.0,0.0,0.0,0,0,0.0
2026-06-06T14:50:00.000,0.0,0.0,0.0,0.0,0,0,0.0
2026-06-06T14:55:00.000,0.0,0.0,0.0,0.0,0,0,0.0
2026-06-06T15:00:00.000,0.0,0.0,0.0,0.0,0,0,0.0
2026-06-06T15:05:00.000,0.0,0.0,0.0,0.0,0,0,0.0
2026-06-06T15:10:00.000,0.0,0.0,0.0,0.0,0,0,0.0
2026-06-06T15:15:00.000,0.0,0.0,0.0,0.0,0,0,0.0
2026-06-06T15:20:00.000,0.0,0.0,0.0,0.0,0,0,0.0
2026-06-06T15:25:00.000,0.0,0.0,0.0,0.0,0,0,0.0
2026-06-06T15:30:00.000,0.0,0.0,0.0,0.0,0,0,0.0
2026-06-06T15:35:00.000,0.0,0.0,0.0,0.0,0,0,0.0
2026-06-06T15:40:00.000,0.0,0.0,0.0,0.0,0,0,0.0
2026-06-06T15:45:00.000,0.0,0.0,0.0,0.0,0,0,0.0
2026-06-06T15:50:00.000,0.0,0.0,0.0,0.0,0,0,0.0
2026-06-06T15:55:00.000,0.0,0.0,0.0,0.0,0,0,0.0
2026-06-06T16:00:00.000,0.0,0.0,0.0,0.0,0,0,0.0
2026-06-07T09:30:00.000,0.0,0.0,0.0,0.0,0,0,0.0
2026-06-07T09:35:00.000,0.0,0.0,0.0,0.0,0,0,0.0
2026-06-07T09:40:00.000,0.0,0.0,0.0,0.0,0,0,0.0
2026-06-07T09:45:00.000,0.0,0.0,0.0,0.0,0,0,0.0
2026-06-07T09:50:00.000,0.0,0.0,0.0,0.0,0,0,0.0
2026-06-07T09:55:00.000,0.0,0.0,0.0,0.0,0,0,0.0
2026-06-07T10:00:00.000,0.0,0.0,0.0,0.0,0,0,0.0
2026-06-07T10:05:00.000,0.0,0.0,0.0,0.0,0,0,0.0
2026-06-07T10:10:00.000,0.0,0.0,0.0,0.0,0,0,0.0
2026-06-07T10:15:00.000,0.0,0.0,0.0,0.0,0,0,0.0
2026-06-07T10:20:00.000,0.0,0.0,0.0,0.0,0,0,0.0
2026-06-07T10:25:00.000,0.0,0.0,0.0,0.0,0,0,0.0
2026-06-07T10:30:00.000,0.0,0.0,0.0,0.0,0,0,0.0
2026-06-07T10:35:00.000,0.0,0.0,0.0,0.0,0,0,0.0
2026-06-07T10:40:00.000,0.0,0.0,0.0,0.0,0,0,0.0
2026-06-07T10:45:00.000,0.0,0.0,0.0,0.0,0,0,0.0
2026-06-07T10:50:00.000,0.0,0.0,0.0,0.0,0,0,0.0
2026-06-07T10:55:00.000,0.0,0.0,0.0,0.0,0,0,0.0
2026-06-07T11:00:00.000,0.0,0.0,0.0,0.0,0,0,0.0
2026-06-07T11:05:00.000,0.0,0.0,0.0,0.0,0,0,0.0
2026-06-07T11:10:00.000,0.0,0.0,0.0,0.0,0,0,0.0
2026-06-07T11:15:00.000,0.0,0.0,0.0,0.0,0,0,0.0
2026-06-07T11:20:00.000,0.0,0.0,0.0,0.0,0,0,0.0
2026-06-07T11:25:00.000,0.0,0.0,0.0,0.0,0,0,0.0
2026-06-07T11:30:00.000,0.0,0.0,0.0,0.0,0,0,0.0
2026-06-07T11:35:00.000,0.0,0.0,0.0,0.0,0,0,0.0
2026-06-07T11:40:00.000,0.0,0.0,0.0,0.0,0,0,0.0
2026-06-07T11:45:00.000,0.0,0.0,0.0,0.0,0,0,0.0
2026-06-07T11:50:00.000,0.0,0.0,0.0,0.0,0,0,0.0
2026-06-07T11:55:00.000,0.0,0.0,0.0,0.0,0,0,0.0
2026-06-07T12:00:00.000,0.0,0.0,0.0,0.0,0,0,0.0
2026-06-07T12:05:00.000,0.0,0.0,0.0,0.0,0,0,0.0
2026-06-07T12:10:00.000,0.0,0.0,0.0,0.0,0,0,0.0
2026-06-07T12:15:00.000,0.0,0.0,0.0,0.0,0,0,0.0
2026-06-07T12:20:00.000,0.0,0.0,0.0,0.0,0,0,0.0
2026-06-07T12:25:00.000,0.0,0.0,0.0,0.0,0,0,0.0
2026-06-07T12:30:00.000,0.0,0.0,0.0,0.0,0,0,0.0
2026-06-07T12:35:00.000,0.0,0.0,0.0,0.0,0,0,0.0
2026-06-07T12:40:00.000,0.0,0.0,0.0,0.0,0,0,0.0
2026-06-07T12:45:00.000,0.0,0.0,0.0,0.0,0,0,0.0
2026-06-07T12:50:00.000,0.0,0.0,0.0,0.0,0,0,0.0
2026-06-07T12:55:00.000,0.0,0.0,0.0,0.0,0,0,0.0
2026-06-07T13:00:00.000,0.0,0.0,0.0,0.0,0,0,0.0
2026-06-07T13:05:00.000,0.0,0.0,0.0,0.0,0,0,0.0
2026-06-07T13:10:00.000,0.0,0.0,0.0,0.0,0,0,0.0
2026-06-07T13:15:00.000,0.0,0.0,0.0,0.0,0,0,0.0
2026-06-07T13:20:00.000,0.0,0.0,0.0,0.0,0,0,0.0
2026-06-07T13:25:00.000,0.0,0.0,0.0,0.0,0,0,0.0
2026-06-07T13:30:00.000,0.0,0.0,0.0,0.0,0,0,0.0
2026-06-07T13:35:00.000,0.0,0.0,0.0,0.0,0,0,0.0
2026-06-07T13:40:00.000,0.0,0.0,0.0,0.0,0,0,0.0
2026-06-07T13:45:00.000,0.0,0.0,0.0,0.0,0,0,0.0
2026-06-07T13:50:00.000,0.0,0.0,0.0,0.0,0,0,0.0
2026-06-07T13:55:00.000,0.0,0.0,0.0,0.0,0,0,0.0
2026-06-07T14:00:00.000,0.0,0.0,0.0,0.0,0,0,0.0
2026-06-07T14:05:00.000,0.0,0.0,0.0,0.0,0,0,0.0
2026-06-07T14:10:00.000,0.0,0.0,0.0,0.0,0,0,0.0
2026-06-07T14:15:00.000,0.0,0.0,0.0,0.0,0,0,0.0
2026-06-07T14:20:00.000,0.0,0.0,0.0,0.0,0,0,0.0
2026-06-07T14:25:00.000,0.0,0.0,0.0,0.0,0,0,0.0
2026-06-07T14:30:00.000,0.0,0.0,0.0,0.0,0,0,0.0
2026-06-07T14:35:00.000,0.0,0.0,0.0,0.0,0,0,0.0
2026-06-07T14:40:00.000,0.0,0.0,0.0,0.0,0,0,0.0
2026-06-07T14:45:00.000,0.0,0.0,0.0,0.0,0,0,0.0
2026-06-07T14:50:00.000,0.0,0.0,0.0,0.0,0,0,0.0
2026-06-07T14:55:00.000,0.0,0.0,0.0,0.0,0,0,0.0
2026-06-07T15:00:00.000,0.0,0.0,0.0,0.0,0,0,0.0
2026-06-07T15:05:00.000,0.0,0.0,0.0,0.0,0,0,0.0
2026-06-07T15:10:00.000,0.0,0.0,0.0,0.0,0,0,0.0
2026-06-07T15:15:00.000,0.0,0.0,0.0,0.0,0,0,0.0
2026-06-07T15:20:00.000,0.0,0.0,0.0,0.0,0,0,0.0
2026-06-07T15:25:00.000,0.0,0.0,0.0,0.0,0,0,0.0
2026-06-07T15:30:00.000,0.0,0.0,0.0,0.0,0,0,0.0
2026-06-07T15:35:00.000,0.0,0.0,0.0,0.0,0,0,0.0
2026-06-07T15:40:00.000,0.0,0.0,0.0,0.0,0,0,0.0
2026-06-07T15:45:00.000,0.0,0.0,0.0,0.0,0,0,0.0
2026-06-07T15:50:00.000,0.0,0.0,0.0,0.0,0,0,0.0
2026-06-07T15:55:00.000,0.0,0.0,0.0,0.0,0,0,0.0
2026-06-07T16:00:00.000,0.0,0.0,0.0,0.0,0,0,0.0
2026-06-08T09:30:00.000,743.36,744.51,742.15,742.185,1979382,39628,743.6
2026-06-08T09:35:00.000,742.19,742.66,741.58,741.595,1107558,16877,743.08
2026-06-08T09:40:00.000,741.62,743.1,741.48,742.72,815861,14150,742.89
2026-06-08T09:45:00.000,742.73,743.52,742.1,742.58,837670,15105,742.89
2026-06-08T09:50:00.000,742.56,743.725,741.91,743.2,483214,10032,742.89
2026-06-08T09:55:00.000,743.215,743.33,740.8,740.85,768859,13706,742.74
2026-06-08T10:00:00.000,740.8,742.3301,740.6,741.18,768522,12577,742.61
2026-06-08T10:05:00.000,741.17,742.52,741.06,742.32,469327,8530,742.56
2026-06-08T10:10:00.000,742.32,742.46,741.42,741.6399,471972,9983,742.52
2026-06-08T10:15:00.000,741.625,741.8,740.85,741.55,427729,9891,742.46
2026-06-08T10:20:00.000,741.48,742.3662,741.1751,742.1401,430758,9828,742.42
2026-06-08T10:25:00.000,742.16,743.02,741.95,742.48,549160,11422,742.43
2026-06-08T10:30:00.000,742.44,742.98,742.3,742.87,447787,10480,742.44
2026-06-08T10:35:00.000,742.9,743.67,742.72,743.27,659990,13089,742.49
2026-06-08T10:40:00.000,743.27,743.5,741.97,742.57,776088,12305,742.5
2026-06-08T10:45:00.000,742.58,744.35,742.58,743.5401,618925,12553,742.57
2026-06-08T10:50:00.000,743.58,744.345,743.3,744.11,428477,9156,742.62
2026-06-08T10:55:00.000,744.13,745.02,743.65,744.995,456792,9642,742.69
2026-06-08T11:00:00.000,744.98,745.27,744.62,744.64,484659,9647,742.77
2026-06-08T11:05:00.000,744.63,745.34,744.57,745.12,352985,7317,742.83
2026-06-08T11:10:00.000,745.12,745.2,744.68,744.72,270388,7258,742.87
2026-06-08T11:15:00.000,744.7701,745.16,744.39,744.844,388675,8963,742.93
2026-06-08T11:20:00.000,744.84,745.08,744.14,744.93,387922,8637,742.97
2026-06-08T11:25:00.000,744.93,744.93,743.11,743.23,431536,8996,743.0
2026-06-08T11:30:00.000,743.25,743.38,741.87,742.16,552318,10724,742.98
2026-06-08T11:35:00.000,742.16,743.63,741.91,743.5,456537,9329,742.97
2026-06-08T11:40:00.000,743.475,743.9,743.16,743.69,351846,7504,742.98
2026-06-08T11:45:00.000,743.71,744.35,743.28,743.365,458298,7832,743.0
2026-06-08T11:50:00.000,743.34,744.1636,743.34,743.53,249260,7133,743.01
2026-06-08T11:55:00.000,743.5,743.52,742.49,742.765,423364,7489,743.01
2026-06-08T12:00:00.000,742.75,743.26,742.16,742.853,483019,9782,743.01
2026-06-08T12:05:00.000,742.88,743.23,742.49,742.63,281068,6543,743.0
2026-06-08T12:10:00.000,742.67,743.25,742.35,743.07,238183,6723,743.0
2026-06-08T12:15:00.000,743.095,743.73,743.02,743.7,264129,6581,743.01
2026-06-08T12:20:00.000,743.69,743.97,742.86,743.03,332881,7942,743.02
2026-06-08T12:25:00.000,743.02,743.46,742.115,742.14,229295,6408,743.01
2026-06-08T12:30:00.000,742.16,742.62,741.9,741.96,250328,6693,743.0
2026-06-08T12:35:00.000,741.96,742.4399,741.51,741.79,355378,7577,742.98
2026-06-08T12:40:00.000,741.78,742.34,741.615,742.13,257845,4948,742.97
2026-06-08T12:45:00.000,742.16,742.97,742.01,742.49,235486,4775,742.97
2026-06-08T12:50:00.000,742.49,742.7,742.22,742.43,230949,4365,742.96
2026-06-08T12:55:00.000,742.43,742.48,741.89,741.91,424208,4753,742.95
2026-06-08T13:00:00.000,741.92,741.975,740.34,740.76,670341,10778,742.89
2026-06-08T13:05:00.000,740.76,741.51,740.615,740.845,352696,6476,742.86
2026-06-08T13:10:00.000,740.84,740.99,740.11,740.94,995961,8789,742.81
2026-06-08T13:15:00.000,740.95,741.13,740.08,740.38,380089,7267,742.77
2026-06-08T13:20:00.000,740.395,740.87,740.14,740.49,261670,5361,742.74
2026-06-08T13:25:00.000,740.48,742.06,740.37,742.03,533981,6692,742.71
2026-06-08T13:30:00.000,742.01,742.39,741.03,741.62,610935,10041,742.69
2026-06-08T13:35:00.000,741.6,741.73,740.5701,741.18,316794,6769,742.67
2026-06-08T13:40:00.000,741.2,741.33,740.4,740.43,264097,5652,742.65
2026-06-08T13:45:00.000,740.425,741.4,740.4,741.4,285517,13036,742.63
2026-06-08T13:50:00.000,741.375,741.745,741.01,741.52,235747,5612,742.62
2026-06-08T13:55:00.000,741.505,741.58,740.89,741.13,227347,5276,742.61
2026-06-08T14:00:00.000,741.13,741.93,741.12,741.62,437339,8634,742.59
2026-06-08T14:05:00.000,741.62,742.3,741.57,741.91,542357,10364,742.58
2026-06-08T14:10:00.000,741.93,742.09,741.06,741.28,351774,7367,742.56
2026-06-08T14:15:00.000,741.3,741.81,741.25,741.62,503889,6478,742.55
2026-06-08T14:20:00.000,741.615,741.91,741.29,741.79,296958,4996,742.54
2026-06-08T14:25:00.000,741.78,742.1,741.59,741.96,233888,5048,742.53
2026-06-08T14:30:00.000,741.97,742.45,741.77,741.82,329192,6446,742.53
2026-06-08T14:35:00.000,741.8,742.1,740.88,740.99,680326,5527,742.52
2026-06-08T14:40:00.000,740.99,741.35,740.75,740.89,330643,5951,742.5
2026-06-08T14:45:00.000,740.9,741.56,740.9,740.99,271268,5313,742.49
2026-06-08T14:50:00.000,741.01,741.37,740.91,741.26,256508,5010,742.48
2026-06-08T14:55:00.000,741.265,741.53,740.87,740.97,230516,5521,742.47
2026-06-08T15:00:00.000,740.97,741.16,740.5,740.97,369202,7255,742.45
2026-06-08T15:05:00.000,740.97,741.15,740.18,740.18,415237,7242,742.42
2026-06-08T15:10:00.000,740.175,740.2,739.26,739.2601,1084834,10502,742.37
2026-06-08T15:15:00.000,739.27,739.62,738.96,739.25,478215,8145,742.32
2026-06-08T15:20:00.000,739.25,739.69,738.41,738.54,492790,8466,742.27
2026-06-08T15:25:00.000,738.54,739.23,738.19,739.2,610843,9667,742.2
2026-06-08T15:30:00.000,739.21,740.18,739.12,739.47,545617,9724,742.16
2026-06-08T15:35:00.000,739.49,739.9,739.07,739.41,459512,7798,742.12
2026-06-08T15:40:00.000,739.385,739.73,738.92,739.35,447232,8366,742.09
2026-06-08T15:45:00.000,739.34,739.9,739.13,739.3,692009,12077,742.04
2026-06-08T15:50:00.000,739.34,739.97,738.77,739.21,1239757,19991,741.94
2026-06-08T15:55:00.000,739.21,739.53,738.905,739.31,2498768,31641,741.76
2026-06-08T16:00:00.000,739.3,739.3,739.3,739.3,140,2,741.76
2026-06-09T09:30:00.000,743.63,744.15,743.28,743.63,1198976,18763,743.63
2026-06-09T09:35:00.000,743.65,744.8799,743.485,744.39,837969,13338,743.9
2026-06-09T09:40:00.000,744.43,745.3598,744.12,745.3598,687310,12285,744.12
2026-06-09T09:45:00.000,745.36,746.9,745.27,746.75,673619,12588,744.52
2026-06-09T09:50:00.000,746.7499,746.8,745.14,745.17,788771,13500,744.79
2026-06-09T09:55:00.000,745.18,745.48,744.23,744.38,841213,12754,744.8
2026-06-09T10:00:00.000,744.3638,745.045,743.8,744.14,711006,11978,744.75
2026-06-09T10:05:00.000,744.17,744.72,743.8889,743.98,497153,9395,744.71
2026-06-09T10:10:00.000,743.96,743.98,741.44,741.54,1281797,18818,744.36
2026-06-09T10:15:00.000,741.55,741.95,739.42,740.13,1250328,20445,743.77
2026-06-09T10:20:00.000,740.13,742.03,739.43,741.95,1100811,17975,743.41
2026-06-09T10:25:00.000,741.94,742.1991,740.83,741.21,598932,11816,743.3
2026-06-09T10:30:00.000,741.17,741.71,740.35,741.2,624064,12537,743.17
2026-06-09T10:35:00.000,741.17,741.55,740.48,740.935,430574,9517,743.08
2026-06-09T10:40:00.000,740.94,741.25,738.41,738.63,674111,13087,742.89
2026-06-09T10:45:00.000,738.645,738.8999,735.03,735.26,1777945,27664,742.09
2026-06-09T10:50:00.000,735.27,736.6,734.65,736.565,2101541,25863,741.18
2026-06-09T10:55:00.000,736.6,737.8,735.85,737.75,654092,12682,741.01
2026-06-09T11:00:00.000,737.79,738.13,736.9599,737.0,489596,10175,740.92
2026-06-09T11:05:00.000,736.97,737.99,736.28,737.92,439941,9255,740.82
2026-06-09T11:10:00.000,737.93,738.42,736.86,737.53,471190,9536,740.74
2026-06-09T11:15:00.000,737.52,737.715,736.16,736.23,433273,9012,740.65
2026-06-09T11:20:00.000,736.19,736.66,734.08,734.085,656382,13324,740.46
2026-06-09T11:25:00.000,734.09,734.14,730.77,731.0,1290222,22668,739.94
2026-06-09T11:30:00.000,731.0,731.81,730.48,731.2299,1564604,26677,739.32
2026-06-09T11:35:00.000,731.24,731.76,730.58,731.48,1100470,20428,738.93
2026-06-09T11:40:00.000,731.47,732.49,731.245,731.8564,999881,17452,738.63
2026-06-09T11:45:00.000,731.82,732.21,731.6,731.97,491002,9924,738.5
2026-06-09T11:50:00.000,731.96,732.75,731.08,731.145,602433,12728,738.34
2026-06-09T11:55:00.000,731.16,731.26,728.96,729.06,1390091,24292,737.88
2026-06-09T12:00:00.000,729.08,730.57,728.99,729.62,897724,18984,737.62
2026-06-09T12:05:00.000,729.61,729.75,727.78,728.2632,1173533,21647,737.25
2026-06-09T12:10:00.000,728.265,729.32,727.7804,728.55,982081,19993,736.97
2026-06-09T12:15:00.000,728.54,728.55,725.71,725.96,1434330,27763,736.51
2026-06-09T12:20:00.000,725.925,727.53,725.3,727.493153,1390658,25854,736.08
2026-06-09T12:25:00.000,727.47,728.15,726.89,727.36,802184,14595,735.88
2026-06-09T12:30:00.000,727.34,728.57,726.35,727.25,805501,14607,735.68
2026-06-09T12:35:00.000,727.35,728.37,722.94,723.334,2825299,53219,734.87
2026-06-09T12:40:00.000,723.37,724.93,722.59,724.69,2012675,34318,734.29
2026-06-09T12:45:00.000,724.675,725.76,724.13,724.87,1126026,18677,734.02
2026-06-09T12:50:00.000,724.88,725.44,723.625,723.685,885222,17250,733.83
2026-06-09T12:55:00.000,723.67,726.695,723.56,726.62,1225217,17968,733.57
2026-06-09T13:00:00.000,726.62,728.72,726.4,728.39,1186065,17008,733.4
2026-06-09T13:05:00.000,728.42,728.85,727.59,728.285,820937,11749,733.32
2026-06-09T13:10:00.000,728.28,729.04,727.21,728.58,714460,13799,733.24
2026-06-09T13:15:00.000,728.58,730.05,727.94,729.9325,971004,14940,733.15
2026-06-09T13:20:00.000,729.9591,731.28,729.54,730.47,945895,16896,733.1
2026-06-09T13:25:00.000,730.45,731.21,729.9,730.76,508391,8840,733.07
2026-06-09T13:30:00.000,730.78,731.73,730.21,731.7,794857,12220,733.04
2026-06-09T13:35:00.000,731.72,732.56,731.05,732.12,703011,12327,733.03
2026-06-09T13:40:00.000,732.14,733.95,731.95,732.96,983812,15305,733.03
2026-06-09T13:45:00.000,732.98,733.21,730.96,731.17,950320,14633,733.01
2026-06-09T13:50:00.000,731.19,733.13,731.18,732.47,723883,15137,733.0
2026-06-09T13:55:00.000,732.49,733.15,732.4,732.56,427460,8169,733.0
2026-06-09T14:00:00.000,732.65,733.3,732.14,732.605,636851,11046,732.99
2026-06-09T14:05:00.000,732.605,733.76,732.39,733.59,536961,9790,732.99
2026-06-09T14:10:00.000,733.5837,733.62,732.55,733.28,365855,7743,732.99
2026-06-09T14:15:00.000,733.25,734.54,732.62,734.43,615101,11512,733.0
2026-06-09T14:20:00.000,734.43,735.18,733.75,735.06,775783,10639,733.02
2026-06-09T14:25:00.000,735.06,735.13,733.975,735.1,487144,8560,733.04
2026-06-09T14:30:00.000,735.12,736.18,734.84,735.69,701055,12694,733.07
2026-06-09T14:35:00.000,735.69,736.27,735.41,735.96,500766,9130,733.09
2026-06-09T14:40:00.000,735.98,736.0,734.3,734.41,715268,12692,733.12
2026-06-09T14:45:00.000,734.43,735.54,734.35,735.52,524336,9010,733.13
2026-06-09T14:50:00.000,735.515,736.18,735.11,735.625,489026,7566,733.16
2026-06-09T14:55:00.000,735.61,737.13,735.58,736.74,539254,10021,733.19
2026-06-09T15:00:00.000,736.74,737.4,736.11,737.31,700216,11206,733.23
2026-06-09T15:05:00.000,737.3,737.69,736.43,736.51,884057,11761,733.27
2026-06-09T15:10:00.000,736.51,736.52,735.17,735.31,611291,9923,733.29
2026-06-09T15:15:00.000,735.32,735.42,733.49,733.66,912698,15097,733.3
2026-06-09T15:20:00.000,733.64,734.39,733.2,733.96,681408,12007,733.3
2026-06-09T15:25:00.000,733.95,734.86,733.5,734.6,505992,10972,733.31
2026-06-09T15:30:00.000,734.58,735.03,734.04,734.56,746714,13979,733.32
2026-06-09T15:35:00.000,734.55,734.67,733.52,733.59,733972,11229,733.33
2026-06-09T15:40:00.000,733.57,733.85,732.58,733.43,986564,16308,733.33
2026-06-09T15:45:00.000,733.44,733.78,732.53,733.06,1966664,16716,733.33
2026-06-09T15:50:00.000,733.03,736.24,733.02,736.17,2132889,33847,733.4
2026-06-09T15:55:00.000,736.18,737.47,736.05,737.05,4232939,40249,733.57
2026-06-09T16:00:00.000,0.0,0.0,0.0,0.0,0,0,733.57
2026-06-10T09:30:00.000,733.39,733.98,731.78,731.785,1261611,19996,733.08
2026-06-10T09:35:00.000,731.805,735.25,731.5,734.6,987615,14141,733.28
2026-06-10T09:40:00.000,734.59,736.25,733.28,736.17,702219,14256,733.65
2026-06-10T09:45:00.000,736.17,736.98,735.33,736.67,902883,16418,734.22
2026-06-10T09:50:00.000,736.67,736.67,734.745,735.66,649612,14687,734.39
2026-06-10T09:55:00.000,735.67,736.69,735.28,735.72,524723,12027,734.56
2026-06-10T10:00:00.000,735.75,737.278,735.01,736.57,486348,12112,734.71
2026-06-10T10:05:00.000,736.56,737.36,735.88,737.125,476023,8728,734.84
2026-06-10T10:10:00.000,737.155,737.6,736.48,736.7,532952,10868,735.02
2026-06-10T10:15:00.000,736.7,737.09,735.7814,736.61,618650,13582,735.14
2026-06-10T10:20:00.000,736.49,738.38,736.2,738.215,667548,11172,735.35
2026-06-10T10:25:00.000,738.22,738.38,736.6201,737.25,512502,11608,735.48
2026-06-10T10:30:00.000,737.22,737.8675,735.78,737.835,669116,13632,735.56
2026-06-10T10:35:00.000,737.82,737.95,736.04,736.57,367452,9665,735.61
2026-06-10T10:40:00.000,736.53,737.24,735.58,735.58,417189,14307,735.65
2026-06-10T10:45:00.000,735.55,736.085,734.5,734.96,501548,11767,735.63
2026-06-10T10:50:00.000,734.95,735.66,734.185,734.63,536982,12482,735.6
2026-06-10T10:55:00.000,734.57,734.91,732.2601,732.84,826500,16650,735.41
2026-06-10T11:00:00.000,732.87,734.42,731.93,733.09,698740,14675,735.29
2026-06-10T11:05:00.000,733.11,733.25,731.72,731.78,418824,9755,735.19
2026-06-10T11:10:00.000,731.78,732.01,730.61,730.68,862309,16995,734.94
2026-06-10T11:15:00.000,730.67,730.72,729.51,730.22,672973,14816,734.71
2026-06-10T11:20:00.000,730.19,732.38,730.07,731.825,603283,13948,734.57
2026-06-10T11:25:00.000,731.82,732.57,731.43,731.43,297018,8059,734.52
2026-06-10T11:30:00.000,731.49,732.31,730.55,731.02,396538,9700,734.44
2026-06-10T11:35:00.000,730.99,731.8,729.97,730.8001,414989,10637,734.35
2026-06-10T11:40:00.000,730.8,732.58,730.4001,732.27,334191,8919,734.3
2026-06-10T11:45:00.000,732.24,732.77,728.95,730.0,1276433,25052,734.01
2026-06-10T11:50:00.000,729.94,731.63,728.49,730.815,1182697,21751,733.74
2026-06-10T11:55:00.000,730.78,732.12,730.13,731.95,450404,10807,733.68
2026-06-10T12:00:00.000,731.98,732.51,731.06,731.53,403209,10540,733.64
2026-06-10T12:05:00.000,731.51,732.05,730.54,730.89,401385,9227,733.59
2026-06-10T12:10:00.000,730.88,730.9,729.93,730.25,304359,7485,733.54
2026-06-10T12:15:00.000,730.23,731.07,730.16,730.58,222566,6758,733.51
2026-06-10T12:20:00.000,730.6,730.91,729.9,730.13,211754,6504,733.48
2026-06-10T12:25:00.000,730.19,730.93,730.03,730.68,200572,4903,733.45
2026-06-10T12:30:00.000,730.68,731.62,730.05,731.61,212095,5027,733.43
2026-06-10T12:35:00.000,731.64,732.3,731.02,731.97,337097,6819,733.4
2026-06-10T12:40:00.000,731.98,732.31,730.45,730.872,210673,4727,733.38
2026-06-10T12:45:00.000,730.83,730.83,729.4,729.98,347335,7036,733.33
2026-06-10T12:50:00.000,729.97,731.03,729.6701,730.23,247800,5360,733.3
2026-06-10T12:55:00.000,730.22,730.52,729.5,730.3601,222281,5085,733.27
2026-06-10T13:00:00.000,730.36,731.37,730.03,731.14,242397,6156,733.24
2026-06-10T13:05:00.000,731.14,731.18,729.59,729.693,389446,7790,733.19
2026-06-10T13:10:00.000,729.67,729.7599,728.72,729.0,584745,9025,733.12
2026-06-10T13:15:00.000,729.0,729.4,728.67,728.98,332315,7228,733.06
2026-06-10T13:20:00.000,728.93,729.56,728.75,729.46,359933,6718,733.0
2026-06-10T13:25:00.000,729.44,729.85,729.09,729.59,406678,7414,732.94
2026-06-10T13:30:00.000,729.59,729.68,728.43,728.845,325146,7857,732.89
2026-06-10T13:35:00.000,728.87,728.87,728.1,728.18,342983,7301,732.83
2026-06-10T13:40:00.000,728.19,728.59,727.86,727.961,293873,6496,732.78
2026-06-10T13:45:00.000,727.97,730.65,727.88,730.325,559948,11130,732.71
2026-06-10T13:50:00.000,730.32,730.55,728.97,729.98,574484,11914,732.65
2026-06-10T13:55:00.000,729.99,730.8,729.81,730.66,337168,6986,732.62
2026-06-10T14:00:00.000,730.69,731.77,730.52,731.685,499156,10163,732.6
2026-06-10T14:05:00.000,731.68,731.75,730.47,730.5,529682,11049,732.57
2026-06-10T14:10:00.000,730.52,731.24,730.45,730.75,239426,5436,732.56
2026-06-10T14:15:00.000,730.72,731.25,729.4343,729.795,361963,7715,732.53
2026-06-10T14:20:00.000,729.79,730.42,729.32,729.92,413753,7578,732.49
2026-06-10T14:25:00.000,729.94,730.11,729.42,729.55,303664,7141,732.47
2026-06-10T14:30:00.000,729.575,729.5801,728.86,729.06,301863,6552,732.43
2026-06-10T14:35:00.000,729.01,729.1,728.15,728.5399,432439,9163,732.38
2026-06-10T14:40:00.000,728.55,728.86,728.14,728.5299,450410,9450,732.32
2026-06-10T14:45:00.000,728.54,728.555,727.86,727.91,417469,8139,732.27
2026-06-10T14:50:00.000,727.9,728.11,727.01,727.72,1465444,14532,732.14
2026-06-10T14:55:00.000,727.71,727.85,727.0,727.43,720023,9940,732.07
2026-06-10T15:00:00.000,727.44,728.09,726.8622,727.355,454437,9535,732.01
2026-06-10T15:05:00.000,727.36,728.13,727.0,727.77,674096,8213,731.95
2026-06-10T15:10:00.000,727.77,727.83,726.805,727.06,403605,8408,731.89
2026-06-10T15:15:00.000,727.09,727.24,726.325,726.51,794794,10823,731.79
2026-06-10T15:20:00.000,726.5,726.52,725.79,726.14,909653,14069,731.63
2026-06-10T15:25:00.000,726.14,726.26,725.48,725.99,1244887,16623,731.42
2026-06-10T15:30:00.000,725.99,727.18,725.66,726.93,1434997,19860,731.25
2026-06-10T15:35:00.000,726.96,727.64,726.64,727.455,615452,12161,731.18
2026-06-10T15:40:00.000,727.46,727.7,726.62,727.2588,1131442,12027,731.11
2026-06-10T15:45:00.000,727.22,727.39,726.22,726.83,1395759,16150,731.0
2026-06-10T15:50:00.000,726.81,727.89,725.5,726.84,2282259,35719,730.8
2026-06-10T15:55:00.000,726.83,727.26,725.33,725.42,3675712,38818,730.51
2026-06-10T16:00:00.000,0.0,0.0,0.0,0.0,0,0,730.51
2026-06-11T09:30:00.000,728.76,729.09,727.0825,727.28,2040311,38086,728.14
2026-06-11T09:35:00.000,727.29,728.3,726.79,727.225,785143,12770,727.95
2026-06-11T09:40:00.000,727.26,727.68,726.35,727.17,537800,9763,727.79
2026-06-11T09:45:00.000,727.17,729.79,726.77,728.6,1312706,20724,728.09
2026-06-11T09:50:00.000,728.62,731.55,728.62,731.04,1156671,18920,728.58
2026-06-11T09:55:00.000,731.01,731.56,729.42,729.73,1174089,12661,728.81
2026-06-11T10:00:00.000,729.75,731.575,729.53,731.07,593379,11010,728.96
2026-06-11T10:05:00.000,731.05,731.05,729.74,730.065,857334,9292,729.07
2026-06-11T10:10:00.000,730.05,730.1999,727.76,727.83,868505,15114,729.02
2026-06-11T10:15:00.000,727.84,728.47,726.95,727.09,621858,12829,728.93
2026-06-11T10:20:00.000,727.085,729.66,726.97,729.16,712855,13965,728.88
2026-06-11T10:25:00.000,729.13,729.755,727.68,728.815,469965,11421,728.87
2026-06-11T10:30:00.000,728.845,729.34,727.68,728.33,419672,12996,728.85
2026-06-11T10:35:00.000,728.19,730.07,728.12,729.13,508491,11760,728.86
2026-06-11T10:40:00.000,729.14,729.8793,728.54,728.56,479393,10293,728.88
2026-06-11T10:45:00.000,728.57,728.99,727.82,728.17,477064,10621,728.87
2026-06-11T10:50:00.000,728.1,728.24,727.09,727.355,415244,9734,728.83
2026-06-11T10:55:00.000,727.3536,727.3536,725.11,725.6,864617,16060,728.65
2026-06-11T11:00:00.000,725.57,726.33,724.405,725.94,1136466,19751,728.39
2026-06-11T11:05:00.000,725.96,727.35,725.325,726.66,705583,14278,728.3
2026-06-11T11:10:00.000,726.68,727.88,726.53,727.38,544618,10262,728.27
2026-06-11T11:15:00.000,727.37,728.44,726.72,727.33,445657,9996,728.25
2026-06-11T11:20:00.000,727.35,728.78,727.18,728.25,483249,10403,728.25
2026-06-11T11:25:00.000,728.28,728.64,727.18,727.18,355529,7981,728.24
2026-06-11T11:30:00.000,727.18,727.85,726.73,727.53,367010,8885,728.22
2026-06-11T11:35:00.000,727.53,728.95,727.41,728.46,517446,11445,728.22
2026-06-11T11:40:00.000,728.49,729.46,727.45,727.86,748204,12326,728.23
2026-06-11T11:45:00.000,727.89,728.46,727.33,727.76,750216,7782,728.22
2026-06-11T11:50:00.000,727.75,727.81,727.01,727.27,476505,7573,728.21
2026-06-11T11:55:00.000,727.28,728.38,726.84,728.1,472134,9941,728.19
2026-06-11T12:00:00.000,728.08,729.03,727.57,728.0,315822,7697,728.2
2026-06-11T12:05:00.000,728.01,729.243,727.73,729.0397,291932,7393,728.2
2026-06-11T12:10:00.000,728.98,730.15,728.85,729.885,394956,8806,728.23
2026-06-11T12:15:00.000,729.95,730.31,729.35,729.765,451612,9456,728.27
2026-06-11T12:20:00.000,729.8,730.01,728.52,728.57,478594,8831,728.29
2026-06-11T12:25:00.000,728.58,728.79,727.81,727.88,562360,10061,728.29
2026-06-11T12:30:00.000,727.88,729.95,727.43,729.37,762211,13234,728.29
2026-06-11T12:35:00.000,729.29,729.9,728.54,728.7599,504375,7992,728.31
2026-06-11T12:40:00.000,728.75,728.91,728.33,728.63,367363,5027,728.32
2026-06-11T12:45:00.000,728.6,728.94,728.12,728.305,380963,6806,728.32
2026-06-11T12:50:00.000,728.31,728.395,727.08,727.155,384673,7122,728.31
2026-06-11T12:55:00.000,727.16,727.28,726.5,726.5201,388597,7169,728.29
2026-06-11T13:00:00.000,726.54,727.23,725.57,725.88,594445,11284,728.24
2026-06-11T13:05:00.000,725.88,726.91,725.79,726.79,723632,10381,728.2
2026-06-11T13:10:00.000,726.79,727.26,726.17,726.3499,704430,10321,728.17
2026-06-11T13:15:00.000,726.3,726.63,725.41,725.7,623602,8666,728.13
2026-06-11T13:20:00.000,725.67,726.23,725.26,726.065,446835,8737,728.09
2026-06-11T13:25:00.000,726.05,732.68,725.94,732.52,2766431,36824,728.23
2026-06-11T13:30:00.000,732.54,735.08,732.21,734.249,2957311,40070,728.73
2026-06-11T13:35:00.000,734.23,734.6,733.22,734.265,1236170,17182,728.93
2026-06-11T13:40:00.000,734.27,736.62,733.87,736.21,1281121,18435,729.17
2026-06-11T13:45:00.000,736.275,736.57,734.55,734.84,1056480,15444,729.36
2026-06-11T13:50:00.000,734.84,734.91,733.41,734.36,1049661,17138,729.49
2026-06-11T13:55:00.000,734.33,735.3,733.76,734.95,861115,14357,729.6
2026-06-11T14:00:00.000,734.91,735.63,732.79,733.29,1291814,19945,729.76
2026-06-11T14:05:00.000,733.29,733.94,732.57,733.24,787302,15277,729.82
2026-06-11T14:10:00.000,733.21,734.32,733.11,734.31,747675,11602,729.88
2026-06-11T14:15:00.000,734.3,735.77,734.13,735.57,833011,14336,729.97
2026-06-11T14:20:00.000,735.56,735.56,733.8,734.53,1079054,18432,730.09
2026-06-11T14:25:00.000,734.53,734.96,734.28,734.52,429585,7368,730.13
2026-06-11T14:30:00.000,734.55,735.4,734.32,734.56,524173,8980,730.18
2026-06-11T14:35:00.000,734.54,734.97,734.08,734.3,738081,10175,730.25
2026-06-11T14:40:00.000,734.28,735.1,734.05,734.92,442931,7988,730.29
2026-06-11T14:45:00.000,734.92,735.92,734.8,735.81,578471,9668,730.36
2026-06-11T14:50:00.000,735.81,736.31,735.68,735.73,513463,8975,730.42
2026-06-11T14:55:00.000,735.725,735.95,735.17,735.755,532220,9940,730.48
2026-06-11T15:00:00.000,735.74,736.66,735.71,736.34,566541,10417,730.55
2026-06-11T15:05:00.000,736.35,736.48,735.26,736.16,714455,12954,730.63
2026-06-11T15:10:00.000,736.15,737.25,736.07,736.95,1150284,18845,730.77
2026-06-11T15:15:00.000,736.96,737.43,736.72,737.37,956915,12323,730.89
2026-06-11T15:20:00.000,737.37,737.63,737.09,737.32,740502,12130,730.99
2026-06-11T15:25:00.000,737.33,738.24,737.17,737.92,1153692,15785,731.13
2026-06-11T15:30:00.000,737.93,739.83,737.9,739.6399,2502755,28486,731.45
2026-06-11T15:35:00.000,739.64,740.0,738.79,738.93,1972395,23255,731.71
2026-06-11T15:40:00.000,738.935,739.88,738.65,739.405,1179011,18168,731.87
2026-06-11T15:45:00.000,739.4,739.4,737.93,737.985,1923708,27057,732.06
2026-06-11T15:50:00.000,737.99,738.57,737.32,738.31,2316960,28886,732.22
2026-06-11T15:55:00.000,738.29,738.52,737.52,737.64,6391540,53000,732.64
2026-06-11T16:00:00.000,737.6425,737.65,737.6425,737.65,581,6,732.64
2026-06-12T09:30:00.000,740.71,740.89,737.96,738.5,1554302,25798,739.41
2026-06-12T09:35:00.000,738.53,739.43,738.345,739.24,919628,14815,739.24
2026-06-12T09:40:00.000,739.24,739.33,735.79,735.89,1803254,31938,738.37
2026-06-12T09:45:00.000,735.93,736.66,735.03,735.64,752489,13681,737.99
2026-06-12T09:50:00.000,735.655,736.625,735.22,736.11,523403,10463,737.8
2026-06-12T09:55:00.000,736.13,737.42,735.9,736.62,484696,9862,737.72
2026-06-12T10:00:00.000,736.78,739.11,736.52,738.78,723498,14490,737.76
2026-06-12T10:05:00.000,738.79,740.25,738.32,740.21,640984,11929,737.91
2026-06-12T10:10:00.000,740.19,740.54,738.79,739.31,514346,10860,738.02
2026-06-12T10:15:00.000,739.31,741.15,739.29,740.32,1015824,11431,738.16
2026-06-12T10:20:00.000,740.35,740.8199,738.913,739.16,462795,10862,738.24
2026-06-12T10:25:00.000,739.16,740.2,739.14,739.59,298552,7997,738.29
2026-06-12T10:30:00.000,739.59,740.7,739.26,739.78,359302,9004,738.35
2026-06-12T10:35:00.000,739.76,741.2,739.73,740.41,571713,11695,738.47
2026-06-12T10:40:00.000,740.43,740.45,737.9301,738.0001,451268,17886,738.49
2026-06-12T10:45:00.000,737.99,738.693,737.17,737.45,581735,10767,738.45
2026-06-12T10:50:00.000,737.46,741.75,737.4,741.68,1354179,25793,738.6
2026-06-12T10:55:00.000,741.63,742.72,740.81,742.36,751881,15443,738.78
2026-06-12T11:00:00.000,742.39,742.98,741.64,742.12,519404,11684,738.91
2026-06-12T11:05:00.000,742.09,742.88,741.93,742.445,334404,8562,739.0
2026-06-12T11:10:00.000,742.45,743.39,742.18,743.15,466967,10600,739.12
2026-06-12T11:15:00.000,743.15,743.68,742.58,743.63,380151,8972,739.22
2026-06-12T11:20:00.000,743.64,744.44,743.235,744.27,582161,10790,739.36
2026-06-12T11:25:00.000,744.26,744.43,743.75,744.15,389339,9695,739.47
2026-06-12T11:30:00.000,744.16,744.19,742.74,742.74,717403,14451,739.64
2026-06-12T11:35:00.000,742.73,743.82,741.305,741.93,755123,17030,739.76
2026-06-12T11:40:00.000,741.95,742.07,740.77,740.96,480972,10031,739.81
2026-06-12T11:45:00.000,740.99,741.8899,739.4,739.54,672520,13226,739.84
2026-06-12T11:50:00.000,739.53,741.27,739.17,740.92,633543,12391,739.85
2026-06-12T11:55:00.000,740.91,740.9911,738.44,738.89,1664334,11170,739.85
2026-06-12T12:00:00.000,738.89,739.49,738.17,738.96,926672,16792,739.8
2026-06-12T12:05:00.000,738.93,739.89,738.44,739.635,519993,10780,739.78
2026-06-12T12:10:00.000,739.63,742.24,738.96,741.04,1040613,19520,739.84
2026-06-12T12:15:00.000,741.03,742.19,740.35,740.61,633812,13311,739.88
2026-06-12T12:20:00.000,740.6,741.14,739.98,740.78,312252,7792,739.89
2026-06-12T12:25:00.000,740.75,741.23,740.18,740.61,237412,5111,739.89
2026-06-12T12:30:00.000,740.62,741.15,740.28,741.04,196973,4528,739.9
2026-06-12T12:35:00.000,741.05,741.17,740.26,740.72,309232,5463,739.91
2026-06-12T12:40:00.000,740.74,741.48,740.3401,740.52,318812,6438,739.92
2026-06-12T12:45:00.000,740.54,741.42,740.47,741.38,147478,3965,739.93
2026-06-12T12:50:00.000,741.37,741.59,740.95,741.08,198582,4868,739.94
2026-06-12T12:55:00.000,741.09,741.64,740.29,741.56,369221,7438,739.95
2026-06-12T13:00:00.000,741.58,742.12,741.4499,742.0599,357631,5663,739.97
2026-06-12T13:05:00.000,742.06,743.0,741.89,742.3,460073,9404,740.01
2026-06-12T13:10:00.000,742.3,742.39,741.21,742.11,309337,7343,740.04
2026-06-12T13:15:00.000,742.08,742.61,741.7701,742.51,315201,7530,740.06
2026-06-12T13:20:00.000,742.5,742.78,742.17,742.4,271143,6783,740.08
2026-06-12T13:25:00.000,742.41,742.58,741.66,742.09,490019,7369,740.12
2026-06-12T13:30:00.000,742.12,742.24,741.35,741.45,355158,6959,740.14
2026-06-12T13:35:00.000,741.446,741.99,741.32,741.73,339065,7056,740.16
2026-06-12T13:40:00.000,741.71,742.07,741.45,741.7,321225,6165,740.18
2026-06-12T13:45:00.000,741.69,742.13,741.59,741.8559,304701,6848,740.2
2026-06-12T13:50:00.000,741.84,742.07,741.67,741.85,253001,6716,740.21
2026-06-12T13:55:00.000,741.85,741.85,740.87,741.3,403875,10430,740.23
2026-06-12T14:00:00.000,741.33,741.53,740.92,741.09,397671,8883,740.24
2026-06-12T14:05:00.000,741.11,741.26,740.52,740.975,422631,7332,740.25
2026-06-12T14:10:00.000,740.95,742.05,740.88,741.03,535308,9357,740.27
2026-06-12T14:15:00.000,741.04,741.25,740.44,740.68,486968,8217,740.28
2026-06-12T14:20:00.000,740.66,740.96,740.42,740.73,311693,6375,740.28
2026-06-12T14:25:00.000,740.74,741.38,740.5,741.26,378832,7209,740.29
2026-06-12T14:30:00.000,741.25,741.84,741.2,741.66,412047,6956,740.31
2026-06-12T14:35:00.000,741.64,741.75,741.42,741.745,349990,6888,740.32
2026-06-12T14:40:00.000,741.75,742.335,741.75,742.22,408597,7972,740.34
2026-06-12T14:45:00.000,742.23,742.3,741.76,741.97,356952,7331,740.36
2026-06-12T14:50:00.000,741.97,742.16,741.48,742.05,507595,9356,740.38
2026-06-12T14:55:00.000,742.05,742.06,740.96,741.01,520192,9994,740.4
2026-06-12T15:00:00.000,740.99,742.05,740.95,741.96,634928,9197,740.42
2026-06-12T15:05:00.000,741.96,742.21,741.57,741.775,424686,8646,740.43
2026-06-12T15:10:00.000,741.785,741.84,741.25,741.39,517998,8563,740.45
2026-06-12T15:15:00.000,741.39,741.68,740.98,741.67,481306,9232,740.46
2026-06-12T15:20:00.000,741.65,741.73,741.39,741.63,374119,8553,740.47
2026-06-12T15:25:00.000,741.61,741.97,741.34,741.42,470469,10246,740.49
2026-06-12T15:30:00.000,741.41,741.6,740.5,740.53,788229,12832,740.49
2026-06-12T15:35:00.000,740.53,741.79,740.07,740.62,863469,15459,740.5
2026-06-12T15:40:00.000,740.63,741.19,740.4,740.82,618293,10268,740.5
2026-06-12T15:45:00.000,740.81,741.12,740.48,740.91,721494,15521,740.51
2026-06-12T15:50:00.000,740.92,741.28,740.7801,741.25,1148881,18684,740.52
2026-06-12T15:55:00.000,741.23,742.0,741.21,741.63,2263030,29482,740.58
2026-06-12T16:00:00.000,741.64,741.64,741.64,741.64,491,1,740.58
